question_id,question_sentence,choices,answer,evidence
0,"What is the main purpose of the Declaration of Independence, according to the text?","['To establish a new government', 'To elect a new president', 'To explain why a separation is necessary', 'To declare war on another country']",2,"When in the Course of human events, it becomes necessary for one people to dissolve the political bands which have connected them with another, and to assume among the powers of the earth, the separate and equal station to which the Laws of Nature and of Nature’s God entitle them, a decent respect to the opinions of mankind requires that they should declare the causes which impel them to the separation."
1,"What is the relationship between humans, according to the text?","['Humans are created by a king', 'All humans are created unequal', 'All humans are created equal', 'Humans are created by a government']",2,"When in the Course of human events, it becomes necessary for one people to dissolve the political bands which have connected them with another, and to assume among the powers of the earth, the separate and equal station to which the Laws of Nature and of Nature’s God entitle them, a decent respect to the opinions of mankind requires that they should declare the causes which impel them to the separation."
2,"What is the reason for declaring the causes of separation, according to the text?","['To elect a new president', 'To start a war', 'To show respect to the opinions of mankind', 'To show respect to the king']",2,"When in the Course of human events, it becomes necessary for one people to dissolve the political bands which have connected them with another, and to assume among the powers of the earth, the separate and equal station to which the Laws of Nature and of Nature’s God entitle them, a decent respect to the opinions of mankind requires that they should declare the causes which impel them to the separation."
3,"In the preamble of the Declaration of Independence, what is mentioned as something that should be declared in order to respect the opinions of mankind?","['Reasons for war', 'Technological innovation', 'Economic policies', 'Reasons for separation']",3,"When in the Course of human events, it becomes necessary for one people to dissolve the political bands which have connected them with another, and to assume among the powers of the earth, the separate and equal station to which the Laws of Nature and of Nature’s God entitle them, a decent respect to the opinions of mankind requires that they should declare the causes which impel them to the separation."
4,"In the opening of the Declaration of Independence, what is stated that one people need to sever with another?","['Economic connections', 'Cultural influence', 'Environmental cooperation', 'Political ties']",3,"When in the Course of human events, it becomes necessary for one people to dissolve the political bands which have connected them with another, and to assume among the powers of the earth, the separate and equal station to which the Laws of Nature and of Nature’s God entitle them, a decent respect to the opinions of mankind requires that they should declare the causes which impel them to the separation."
5,"According to the Declaration of Independence, what is it stated that is necessary to assume among the powers of the earth?","['Educational improvement""', 'Military alliances', 'Economic support', 'The separate and equal station']",3,"When in the Course of human events, it becomes necessary for one people to dissolve the political bands which have connected them with another, and to assume among the powers of the earth, the separate and equal station to which the Laws of Nature and of Nature’s God entitle them, a decent respect to the opinions of mankind requires that they should declare the causes which impel them to the separation."
6,"In the course of human history, when it becomes necessary for one people to dissolve the political bands which have connected them with another and [ A ], a decent respect to the opinions of mankind requires that they should declare the causes which impel them to the separation. Please choose the appropriate phrase to fill in [ A ].","['Join forces to conquer the nations of the world', 'Seek a better life and migrate to a new land', ""Assume the separate and equal station to which the laws of nature and of nature's God entitle them among the powers of the earth""]",2,"When in the Course of human events, it becomes necessary for one people to dissolve the political bands which have connected them with another, and to assume among the powers of the earth, the separate and equal station to which the Laws of Nature and of Nature’s God entitle them, a decent respect to the opinions of mankind requires that they should declare the causes which impel them to the separation."
7,"According to the preamble of the Declaration of Independence, what should a nation's people do when declaring independence to the world?","['Request economic support', 'Propose forming military alliances', 'Explain the reasons that compelled them to seek independence']",2,"When in the Course of human events, it becomes necessary for one people to dissolve the political bands which have connected them with another, and to assume among the powers of the earth, the separate and equal station to which the Laws of Nature and of Nature’s God entitle them, a decent respect to the opinions of mankind requires that they should declare the causes which impel them to the separation."
8,"According to the preamble of the Declaration of Independence, what is it stated that a nation's people need to consider when declaring independence to the world?","['Opinions', 'Property', 'Military power']",0,"When in the Course of human events, it becomes necessary for one people to dissolve the political bands which have connected them with another, and to assume among the powers of the earth, the separate and equal station to which the Laws of Nature and of Nature’s God entitle them, a decent respect to the opinions of mankind requires that they should declare the causes which impel them to the separation."
9,Choose the concept that this sentence represents from the options below.,"['Natural Rights', 'Social Contract', 'Fundamental Human Rights', 'Right of Revolution']",0,"We hold these truths to be self-evident, that all men are created equal, that they are endowed by their Creator with certain unalienable Rights, that among these are Life, Liberty and the pursuit of Happiness."
10,"According to the text, what is one of the unalienable Rights mentioned?","['Life', 'Power', 'Knowledge', 'Wealth']",1,"We hold these truths to be self-evident, that all men are created equal, that they are endowed by their Creator with certain unalienable Rights, that among these are Life, Liberty and the pursuit of Happiness."
11,The text states that all men are created:,"['Independent', 'Superior', 'Different', 'Equal']",3,"We hold these truths to be self-evident, that all men are created equal, that they are endowed by their Creator with certain unalienable Rights, that among these are Life, Liberty and the pursuit of Happiness."
12,Who does the text say endows people with their unalienable Rights?,"['The government', 'Their family', 'Themselves', 'Their Creator']",3,"We hold these truths to be self-evident, that all men are created equal, that they are endowed by their Creator with certain unalienable Rights, that among these are Life, Liberty and the pursuit of Happiness."
13,What is the main idea of this text?,"['Life, Liberty, and Happiness are the only unalienable rights.', 'All men are given certain rights by their Creator.', 'Some men are more equal than others.', 'The pursuit of Happiness is the most important right.']",1,"We hold these truths to be self-evident, that all men are created equal, that they are endowed by their Creator with certain unalienable Rights, that among these are Life, Liberty and the pursuit of Happiness."
14,Which of the following is NOT listed as an unalienable Right in the text?,"['Life', 'The pursuit of Happiness', 'Liberty', 'Equality']",2,"We hold these truths to be self-evident, that all men are created equal, that they are endowed by their Creator with certain unalienable Rights, that among these are Life, Liberty and the pursuit of Happiness."
15,"According to the text, where do these unalienable Rights come from?","['The government', 'The Declaration of Independence', 'The Creator', 'The people themselves']",2,"We hold these truths to be self-evident, that all men are created equal, that they are endowed by their Creator with certain unalienable Rights, that among these are Life, Liberty and the pursuit of Happiness."
16,"Based on the given text, choose the concept that this sentence represents from the options below.","['Fundamental Human Rights', 'Right of Revolution', 'Social Contract', 'Natural Rights']",2,"That to secure these rights, Governments are instituted among Men, deriving their just powers from the consent of the governed."
17,Analyze the given text and identify the political theory concept it embodies from the options below:,"['Natural Rights', 'Social Contract', 'Right of Revolution', 'Fundamental Human Rights']",1,"That to secure these rights, Governments are instituted among Men, deriving their just powers from the consent of the governed."
18,"According to the text, what is the purpose of Governments?","['To secure certain rights', 'To make people happy', 'To build roads', 'To collect taxes']",0,"That to secure these rights, Governments are instituted among Men, deriving their just powers from the consent of the governed."
19,The text states that Governments get their powers from:,"['The military', 'The king', 'The consent of the governed', 'The laws']",2,"That to secure these rights, Governments are instituted among Men, deriving their just powers from the consent of the governed."
20,What does the text say Governments are instituted among?,"['Animals', 'Men', 'Companies', 'Schools']",1,"That to secure these rights, Governments are instituted among Men, deriving their just powers from the consent of the governed."
21,"Based on the given text, choose the concept that this sentence represents from the options below.","['Natural Rights', 'Right of Revolution', 'Fundamental Human Rights', 'Social Contract']",1,"That whenever any Form of Government becomes destructive of these ends, it is the Right of the People to alter or to abolish it, and to institute new Government, laying its foundation on such principles and organizing its powers in such form, as to them shall seem most likely to effect their Safety and Happiness."
22,"Based on the given text, identify the political philosophy concept that this sentence exemplifies from the options below.","['Right of Revolution', 'Social Contract', 'Natural Rights', 'Fundamental Human Rights']",0,"That whenever any Form of Government becomes destructive of these ends, it is the Right of the People to alter or to abolish it, and to institute new Government, laying its foundation on such principles and organizing its powers in such form, as to them shall seem most likely to effect their Safety and Happiness."
23,"According to the text, what right do the people have when a government becomes destructive of its ends?","['The right to negotiate with the government', 'The right to obey the government', 'The right to alter or abolish the government', 'The right to ignore the government']",2,"That whenever any Form of Government becomes destructive of these ends, it is the Right of the People to alter or to abolish it, and to institute new Government, laying its foundation on such principles and organizing its powers in such form, as to them shall seem most likely to effect their Safety and Happiness."
24,"What must the new government be based on after the old one is abolished, according to the text?","['Economic wealth', 'Principles that ensure safety and happiness', 'Tradition and history', 'Military power']",1,"That whenever any Form of Government becomes destructive of these ends, it is the Right of the People to alter or to abolish it, and to institute new Government, laying its foundation on such principles and organizing its powers in such form, as to them shall seem most likely to effect their Safety and Happiness."
25,The text suggests that the powers of the new government should be organized in a way that most likely achieves what?,"['Social equality', 'Military dominance', 'Economic growth', 'Safety and Happiness']",3,"That whenever any Form of Government becomes destructive of these ends, it is the Right of the People to alter or to abolish it, and to institute new Government, laying its foundation on such principles and organizing its powers in such form, as to them shall seem most likely to effect their Safety and Happiness."
26,"According to the text, how long ago was the new nation brought forth?","['A century ago', 'Twenty years ago', 'A decade ago', 'Four score and seven years ago']",3,"Four score and seven years ago our fathers brought forth on this continent, a new nation, conceived in Liberty, and dedicated to the proposition that all men are created equal. Now we are engaged in a great civil war, testing whether that nation, or any nation so conceived and so dedicated, can long endure. We are met on a great battle-field of that war. We have come to dedicate a portion of that field, as a final resting place for those who here gave their lives that the nation might live. It is altogether fitting and proper that we should do this."
27,What was the new nation dedicated to?,"['The principle that war is inevitable', 'The idea that all men should work hard', 'The proposition that all men are created equal', 'The belief that freedom is only for the strong']",2,"Four score and seven years ago our fathers brought forth on this continent, a new nation, conceived in Liberty, and dedicated to the proposition that all men are created equal. Now we are engaged in a great civil war, testing whether that nation, or any nation so conceived and so dedicated, can long endure. We are met on a great battle-field of that war. We have come to dedicate a portion of that field, as a final resting place for those who here gave their lives that the nation might live. It is altogether fitting and proper that we should do this."
28,Why have people come to the battlefield according to the text?,"['To celebrate a victory', 'To dedicate a portion of the field as a resting place', 'To fight another battle', 'To build a monument']",1,"Four score and seven years ago our fathers brought forth on this continent, a new nation, conceived in Liberty, and dedicated to the proposition that all men are created equal. Now we are engaged in a great civil war, testing whether that nation, or any nation so conceived and so dedicated, can long endure. We are met on a great battle-field of that war. We have come to dedicate a portion of that field, as a final resting place for those who here gave their lives that the nation might live. It is altogether fitting and proper that we should do this."
29,Where was this speech given?,"['New York', 'Gettysburg', 'Washington, D.C.', 'Philadelphia']",1,"Four score and seven years ago our fathers brought forth on this continent, a new nation, conceived in Liberty, and dedicated to the proposition that all men are created equal. Now we are engaged in a great civil war, testing whether that nation, or any nation so conceived and so dedicated, can long endure. We are met on a great battle-field of that war. We have come to dedicate a portion of that field, as a final resting place for those who here gave their lives that the nation might live. It is altogether fitting and proper that we should do this."
30,What is the name of the war mentioned in the text?,"['The Revolutionary War', 'The Civil War', 'The War of 1812', 'World War I']",1,"Four score and seven years ago our fathers brought forth on this continent, a new nation, conceived in Liberty, and dedicated to the proposition that all men are created equal. Now we are engaged in a great civil war, testing whether that nation, or any nation so conceived and so dedicated, can long endure. We are met on a great battle-field of that war. We have come to dedicate a portion of that field, as a final resting place for those who here gave their lives that the nation might live. It is altogether fitting and proper that we should do this."
31,Who is the speaker of this text?,"['Thomas Jefferson', 'Abraham Lincoln', 'George Washington', 'Franklin D. Roosevelt']",1,"Four score and seven years ago our fathers brought forth on this continent, a new nation, conceived in Liberty, and dedicated to the proposition that all men are created equal. Now we are engaged in a great civil war, testing whether that nation, or any nation so conceived and so dedicated, can long endure. We are met on a great battle-field of that war. We have come to dedicate a portion of that field, as a final resting place for those who here gave their lives that the nation might live. It is altogether fitting and proper that we should do this."
32,"According to the text, who has already consecrated the ground?","['The people listening to the speech', 'The future generations', 'The government', 'The brave men, living and dead, who struggled there']",3,"Four score and seven years ago our fathers brought forth on this continent, a new nation, conceived in Liberty, and dedicated to the proposition that all men are created equal. Now we are engaged in a great civil war, testing whether that nation, or any nation so conceived and so dedicated, can long endure. We are met on a great battle-field of that war. We have come to dedicate a portion of that field, as a final resting place for those who here gave their lives that the nation might live. It is altogether fitting and proper that we should do this."
33,What does the speaker believe the world will remember?,"['The speech given at this place', 'The battles that took place here', 'The actions of the brave men who fought', 'The leaders of the nation']",1,"Four score and seven years ago our fathers brought forth on this continent, a new nation, conceived in Liberty, and dedicated to the proposition that all men are created equal. Now we are engaged in a great civil war, testing whether that nation, or any nation so conceived and so dedicated, can long endure. We are met on a great battle-field of that war. We have come to dedicate a portion of that field, as a final resting place for those who here gave their lives that the nation might live. It is altogether fitting and proper that we should do this."
34,"What is the ""great task"" remaining before the living, according to the text?","['To honor the fallen by continuing their work', 'To forget the war and move on', 'To elect a new government', 'To build a monument']",1,"Four score and seven years ago our fathers brought forth on this continent, a new nation, conceived in Liberty, and dedicated to the proposition that all men are created equal. Now we are engaged in a great civil war, testing whether that nation, or any nation so conceived and so dedicated, can long endure. We are met on a great battle-field of that war. We have come to dedicate a portion of that field, as a final resting place for those who here gave their lives that the nation might live. It is altogether fitting and proper that we should do this."
35,"According to the text, what are the peoples of the United Nations determined to save succeeding generations from?","['The scourge of war', 'Economic hardship', 'Political instability', 'Environmental destruction']",0,"United Nations Charter: WE THE PEOPLES OF THE UNITED NATIONS DETERMINED to save succeeding generations from the scourge of war, which twice in our lifetime has brought untold sorrow to mankind, and to reaffirm faith in fundamental human rights, in the dignity and worth of the human person, in the equal rights of men and women and of nations large and small, and to establish conditions under which justice and respect for the obligations arising from treaties and other sources of international law can be maintained, and to promote social progress and better standards of life in larger freedom,"
36,What does the text emphasize reaffirming faith in?,"['Fundamental human rights', 'Scientific progress', 'Military strength', 'Economic growth']",0,"United Nations Charter: WE THE PEOPLES OF THE UNITED NATIONS DETERMINED to save succeeding generations from the scourge of war, which twice in our lifetime has brought untold sorrow to mankind, and to reaffirm faith in fundamental human rights, in the dignity and worth of the human person, in the equal rights of men and women and of nations large and small, and to establish conditions under which justice and respect for the obligations arising from treaties and other sources of international law can be maintained, and to promote social progress and better standards of life in larger freedom,"
37,What does the text state as a goal for promoting in society?,"['Social progress and better standards of life', 'Cultural diversity', 'Technological innovation', 'Global trade']",0,"United Nations Charter: WE THE PEOPLES OF THE UNITED NATIONS DETERMINED to save succeeding generations from the scourge of war, which twice in our lifetime has brought untold sorrow to mankind, and to reaffirm faith in fundamental human rights, in the dignity and worth of the human person, in the equal rights of men and women and of nations large and small, and to establish conditions under which justice and respect for the obligations arising from treaties and other sources of international law can be maintained, and to promote social progress and better standards of life in larger freedom,"
38,What are the peoples of the United Nations determined to practice according to the text?,"['Generosity', 'Kindness', 'Tolerance', 'Patience']",2,"AND FOR THESE ENDS to practice tolerance and live together in peace with one another as good neighbours, and to unite our strength to maintain international peace and security, and to ensure, by the acceptance of principles and the institution of methods, that armed force shall not be used, save in the common interest, and to employ international machinery for the promotion of the economic and social advancement of all peoples"
39,"What is the goal of uniting our strength, as mentioned in the text?","['To build stronger economies', 'To maintain international peace and security', 'To conquer new territories', 'To explore space']",1,"AND FOR THESE ENDS to practice tolerance and live together in peace with one another as good neighbours, and to unite our strength to maintain international peace and security, and to ensure, by the acceptance of principles and the institution of methods, that armed force shall not be used, save in the common interest, and to employ international machinery for the promotion of the economic and social advancement of all peoples"
40,"According to the text, when is the use of armed force allowed?","['To protect national borders', 'For self-defense', 'In the common interest', 'Never allowed']",2,"AND FOR THESE ENDS to practice tolerance and live together in peace with one another as good neighbours, and to unite our strength to maintain international peace and security, and to ensure, by the acceptance of principles and the institution of methods, that armed force shall not be used, save in the common interest, and to employ international machinery for the promotion of the economic and social advancement of all peoples"
41,"According to the text, what should be employed for the promotion of economic and social advancement?","['Local governments', 'International machinery', 'Military force', 'National policies']",1,"AND FOR THESE ENDS to practice tolerance and live together in peace with one another as good neighbours, and to unite our strength to maintain international peace and security, and to ensure, by the acceptance of principles and the institution of methods, that armed force shall not be used, save in the common interest, and to employ international machinery for the promotion of the economic and social advancement of all peoples"
42,The text suggests that armed force should not be used unless it is:,"['For economic gain', 'For national security', 'In the common interest', 'For self-defense']",2,"AND FOR THESE ENDS to practice tolerance and live together in peace with one another as good neighbours, and to unite our strength to maintain international peace and security, and to ensure, by the acceptance of principles and the institution of methods, that armed force shall not be used, save in the common interest, and to employ international machinery for the promotion of the economic and social advancement of all peoples"
43,What does the text encourage people to do in order to live together in peace?,"['Engage in dialogue', 'Be good neighbors', 'Build stronger communities', 'Practice tolerance']",1,"AND FOR THESE ENDS to practice tolerance and live together in peace with one another as good neighbours, and to unite our strength to maintain international peace and security, and to ensure, by the acceptance of principles and the institution of methods, that armed force shall not be used, save in the common interest, and to employ international machinery for the promotion of the economic and social advancement of all peoples"
44,What have the governments resolved to do according to the text?,"['Declare war', 'Combine their efforts', 'Write new laws', 'Build new cities']",1,"HAVE RESOLVED TO COMBINE OUR EFFORTS TO ACCOMPLISH THESE AIMS. Accordingly, our respective Governments, through representatives assembled in the city of San Francisco, who have exhibited their full powers found to be in good and due form, have agreed to the present Charter of the United Nations and do hereby establish an international organization to be known as the United Nations"
45,Where did the representatives assemble to agree on the Charter of the United Nations?,"['New York', 'London', 'San Francisco', 'Washington, D.C.']",2,"HAVE RESOLVED TO COMBINE OUR EFFORTS TO ACCOMPLISH THESE AIMS. Accordingly, our respective Governments, through representatives assembled in the city of San Francisco, who have exhibited their full powers found to be in good and due form, have agreed to the present Charter of the United Nations and do hereby establish an international organization to be known as the United Nations"
46,What was established by the representatives according to the text?,"['An international court', 'A new government', 'A peace treaty', 'An international organization known as the United Nations']",3,"HAVE RESOLVED TO COMBINE OUR EFFORTS TO ACCOMPLISH THESE AIMS. Accordingly, our respective Governments, through representatives assembled in the city of San Francisco, who have exhibited their full powers found to be in good and due form, have agreed to the present Charter of the United Nations and do hereby establish an international organization to be known as the United Nations"
47,What is one of the main purposes of the United Nations according to the text?,"['To maintain international peace and security', 'To develop new technologies', 'To create national governments', 'To control global trade']",0,"The Purposes of the United Nations are: 1.To maintain international peace and security, and to that end: to take effective collective measures for the prevention and removal of threats to the peace, and for the suppression of acts of aggression or other breaches of the peace, and to bring about by peaceful means, and in conformity with the principles of justice and international law, adjustment or settlement of international disputes or situations which might lead to a breach of the peace; 2.To develop friendly relations among nations based on respect for the principle of equal rights and self-determination of peoples, and to take other appropriate measures to strengthen universal peace; 3.To achieve international co-operation in solving international problems of an economic, social, cultural, or humanitarian character, and in promoting and encouraging respect for human rights and for fundamental freedoms for all without distinction as to race, sex, language, or religion; and 4.To be a centre for harmonizing the actions of nations in the attainment of these common ends."
48,How does the United Nations aim to develop friendly relations among nations?,"['By increasing military presence', 'By enforcing economic sanctions', 'By respecting the principle of equal rights and self-determination of peoples', 'By promoting trade agreements']",2,"The Purposes of the United Nations are: 1.To maintain international peace and security, and to that end: to take effective collective measures for the prevention and removal of threats to the peace, and for the suppression of acts of aggression or other breaches of the peace, and to bring about by peaceful means, and in conformity with the principles of justice and international law, adjustment or settlement of international disputes or situations which might lead to a breach of the peace; 2.To develop friendly relations among nations based on respect for the principle of equal rights and self-determination of peoples, and to take other appropriate measures to strengthen universal peace; 3.To achieve international co-operation in solving international problems of an economic, social, cultural, or humanitarian character, and in promoting and encouraging respect for human rights and for fundamental freedoms for all without distinction as to race, sex, language, or religion; and 4.To be a centre for harmonizing the actions of nations in the attainment of these common ends."
49,"According to the text, the United Nations also serves as a center for what?","['Coordinating global financial policies', 'Harmonizing the actions of nations in the attainment of common goals', 'Organizing sporting events', 'Regulating international tourism']",3,"The Purposes of the United Nations are: 1.To maintain international peace and security, and to that end: to take effective collective measures for the prevention and removal of threats to the peace, and for the suppression of acts of aggression or other breaches of the peace, and to bring about by peaceful means, and in conformity with the principles of justice and international law, adjustment or settlement of international disputes or situations which might lead to a breach of the peace; 2.To develop friendly relations among nations based on respect for the principle of equal rights and self-determination of peoples, and to take other appropriate measures to strengthen universal peace; 3.To achieve international co-operation in solving international problems of an economic, social, cultural, or humanitarian character, and in promoting and encouraging respect for human rights and for fundamental freedoms for all without distinction as to race, sex, language, or religion; and 4.To be a centre for harmonizing the actions of nations in the attainment of these common ends."
50,"According to the text, where do wars begin?","['In the governments', 'In the battlefields', 'In the minds of men', 'In the economy']",2,"UNESCO Constitution The Governments of the States Parties to this Constitution on behalf of their peoples declare: That since wars begin in the minds of men, it is in the minds of men that the defences of peace must be constructed; That ignorance of each other’s ways and lives has been a common cause, throughout the history of mankind, of that suspicion and mistrust between the peoples of the world through which their differences have all too often broken into war;"
51,What does the text suggest must be constructed in the minds of men?,"['Wealth', 'Military strategies', 'Defenses of peace', 'Political systems']",2,"UNESCO Constitution The Governments of the States Parties to this Constitution on behalf of their peoples declare: That since wars begin in the minds of men, it is in the minds of men that the defences of peace must be constructed; That ignorance of each other’s ways and lives has been a common cause, throughout the history of mankind, of that suspicion and mistrust between the peoples of the world through which their differences have all too often broken into war;"
52,What has been a common cause of suspicion and mistrust between peoples according to the text?,"['Cultural traditions', 'Economic differences', 'Ignorance of each other’s ways and lives', 'Political disagreements']",2,"UNESCO Constitution The Governments of the States Parties to this Constitution on behalf of their peoples declare: That since wars begin in the minds of men, it is in the minds of men that the defences of peace must be constructed; That ignorance of each other’s ways and lives has been a common cause, throughout the history of mankind, of that suspicion and mistrust between the peoples of the world through which their differences have all too often broken into war;"
53,What does the text say made the great and terrible war possible?,"['Economic hardship', 'Advances in technology', 'Military alliances', 'Denial of democratic principles']",3,"That the great and terrible war which has now ended was a war made possible by the denial of the democratic principles of the dignity, equality and mutual respect of men, and by the propagation, in their place, through ignorance and prejudice, of the doctrine of the inequality of men and races; That the wide diffusion of culture, and the education of humanity for justice and liberty and peace are indispensable to the dignity of man and constitute a sacred duty which all the nations must fulfil in a spirit of mutual assistance and concern;"
54,"According to the text, what contributed to the propagation of the doctrine of inequality?","['Economic policies', 'Education and knowledge', 'Technological advancements', 'Ignorance and prejudice']",3,"That the great and terrible war which has now ended was a war made possible by the denial of the democratic principles of the dignity, equality and mutual respect of men, and by the propagation, in their place, through ignorance and prejudice, of the doctrine of the inequality of men and races; That the wide diffusion of culture, and the education of humanity for justice and liberty and peace are indispensable to the dignity of man and constitute a sacred duty which all the nations must fulfil in a spirit of mutual assistance and concern;"
55,What does the text describe as a sacred duty for all nations?,"['Expanding territorial boundaries', 'Promoting international trade', 'Increasing military power', 'Educating humanity for justice, liberty, and peace']",3,"That the great and terrible war which has now ended was a war made possible by the denial of the democratic principles of the dignity, equality and mutual respect of men, and by the propagation, in their place, through ignorance and prejudice, of the doctrine of the inequality of men and races; That the wide diffusion of culture, and the education of humanity for justice and liberty and peace are indispensable to the dignity of man and constitute a sacred duty which all the nations must fulfil in a spirit of mutual assistance and concern;"
56,"According to the text, what would not secure the unanimous and sincere support of the peoples of the world?","['A peace based on mutual understanding', 'A peace based on cultural exchange', 'A peace based exclusively on the political and economic arrangements of governments', 'A peace based on intellectual and moral solidarity']",2,"That a peace based exclusively upon the political and economic arrangements of governments would not be a peace which could secure the unanimous, last ingand sincere support of the peoples of the world, and that the peace must therefore be founded, if it is not to fail, upon the intellectual and moral solidarity of mankind. For these reasons, the States Parties to this Constitution, believing in full and equal opportunities for education for all, in the unrestricted pursuit of objective truth, and in the free exchange of ideas and knowledge, are agreed and determined to develop and to increase the means of communication between their peoples and to employ these means for the purposes of mutual understanding and a truer and more perfect knowledge of each other's lives;"
57,"What must peace be founded upon to avoid failure, according to the text?","['Military strength', 'Intellectual and moral solidarity of mankind', 'Technological advancements', 'Economic prosperity']",1,"That a peace based exclusively upon the political and economic arrangements of governments would not be a peace which could secure the unanimous, last ingand sincere support of the peoples of the world, and that the peace must therefore be founded, if it is not to fail, upon the intellectual and moral solidarity of mankind. For these reasons, the States Parties to this Constitution, believing in full and equal opportunities for education for all, in the unrestricted pursuit of objective truth, and in the free exchange of ideas and knowledge, are agreed and determined to develop and to increase the means of communication between their peoples and to employ these means for the purposes of mutual understanding and a truer and more perfect knowledge of each other's lives;"
58,What are the States Parties to this Constitution determined to develop and increase?,"['Economic policies', 'Means of communication between their peoples', 'Military alliances', 'Trade agreements']",1,"That a peace based exclusively upon the political and economic arrangements of governments would not be a peace which could secure the unanimous, last ingand sincere support of the peoples of the world, and that the peace must therefore be founded, if it is not to fail, upon the intellectual and moral solidarity of mankind. For these reasons, the States Parties to this Constitution, believing in full and equal opportunities for education for all, in the unrestricted pursuit of objective truth, and in the free exchange of ideas and knowledge, are agreed and determined to develop and to increase the means of communication between their peoples and to employ these means for the purposes of mutual understanding and a truer and more perfect knowledge of each other's lives;"
59,What organization is created according to the text?,"['World Trade Organization', 'World Health Organization', 'International Monetary Fund', 'United Nations Educational, Scientific and Cultural Organization']",3,"In consequence whereof they do hereby create the United Nations Educational, Scientific and Cultural Organization for the purpose of advancing, through the educational and scientific and cultural relations of the peoples of the world, the objectives of international peace and of the common welfare of mankind for which the United Nations Organization was established and which its Charter proclaims."
60,What is the purpose of the organization mentioned in the text?,"['To regulate international finance', 'To advance educational, scientific, and cultural relations', 'To manage environmental resources', 'To promote global trade']",1,"In consequence whereof they do hereby create the United Nations Educational, Scientific and Cultural Organization for the purpose of advancing, through the educational and scientific and cultural relations of the peoples of the world, the objectives of international peace and of the common welfare of mankind for which the United Nations Organization was established and which its Charter proclaims."
61,"According to the text, what are the objectives that this organization aims to advance?","['Political alliances and military strength', 'Environmental protection and resource management', 'Economic growth and technological innovation', 'International peace and the common welfare of mankind']",3,"In consequence whereof they do hereby create the United Nations Educational, Scientific and Cultural Organization for the purpose of advancing, through the educational and scientific and cultural relations of the peoples of the world, the objectives of international peace and of the common welfare of mankind for which the United Nations Organization was established and which its Charter proclaims."
62,What is the primary purpose of the Organization according to the text?,"['To manage global health issues', 'To create economic policies', 'To contribute to peace and security', 'To regulate international trade']",2,"Purposes and functions 1.The purpose of the Organization is to contribute to peace andsecurity by promoting collaboration among the nations througheducation, science and culture in order to further universal respectfor justice, for the rule of law and for the human rights and funda-mental freedoms which are affirmed for the peoples of the world,without distinction of race, sex, language or religion, by theCharter of the United Nations."
63,How does the Organization aim to promote peace and security?,"['By promoting military alliances', 'By establishing international courts', 'By creating global trade agreements', 'By promoting collaboration among nations through education, science, and culture']",3,"Purposes and functions 1.The purpose of the Organization is to contribute to peace andsecurity by promoting collaboration among the nations througheducation, science and culture in order to further universal respectfor justice, for the rule of law and for the human rights and funda-mental freedoms which are affirmed for the peoples of the world,without distinction of race, sex, language or religion, by theCharter of the United Nations."
64,"What principles does the Organization seek to further respect for, according to the text?","['Environmental protection and resource management', 'Justice, the rule of law, and human rights', 'Economic growth and technological innovation', 'Political alliances and military strength']",1,"Purposes and functions 1.The purpose of the Organization is to contribute to peace andsecurity by promoting collaboration among the nations througheducation, science and culture in order to further universal respectfor justice, for the rule of law and for the human rights and funda-mental freedoms which are affirmed for the peoples of the world,without distinction of race, sex, language or religion, by theCharter of the United Nations."
65,"According to the text, what is recognized as the foundation of freedom, justice, and peace in the world?","['Economic prosperity', 'The inherent dignity and equal rights of all members of the human family', 'Military strength', 'Technological advancement']",1,"Preamble Whereas recognition of the inherent dignity and of the equal and inalienable rights of all members of the human family is the foundation of freedom, justice and peace in the world, Whereas disregard and contempt for human rights have resulted in barbarous acts which have outraged the conscience of mankind, and the advent of a world in which human beings shall enjoy freedom of speech and belief and freedom from fear and want has been proclaimed as the highest aspiration of the common people, Whereas it is essential, if man is not to be compelled to have recourse, as a last resort, to rebellion against tyranny and oppression, that human rights should be protected by the rule of law, Whereas it is essential to promote the development of friendly relations between nations,"
66,"What has disregard and contempt for human rights resulted in, according to the text?","['Political instability', 'Economic downturns', 'Barbarous acts that have outraged the conscience of mankind', 'Technological setbacks']",2,"Preamble Whereas recognition of the inherent dignity and of the equal and inalienable rights of all members of the human family is the foundation of freedom, justice and peace in the world, Whereas disregard and contempt for human rights have resulted in barbarous acts which have outraged the conscience of mankind, and the advent of a world in which human beings shall enjoy freedom of speech and belief and freedom from fear and want has been proclaimed as the highest aspiration of the common people, Whereas it is essential, if man is not to be compelled to have recourse, as a last resort, to rebellion against tyranny and oppression, that human rights should be protected by the rule of law, Whereas it is essential to promote the development of friendly relations between nations,"
67,What does the text state is essential to prevent rebellion against tyranny and oppression?,"['Promotion of global trade', 'Economic development', 'Protection of human rights by the rule of law', 'Strong military forces']",2,"Preamble Whereas recognition of the inherent dignity and of the equal and inalienable rights of all members of the human family is the foundation of freedom, justice and peace in the world, Whereas disregard and contempt for human rights have resulted in barbarous acts which have outraged the conscience of mankind, and the advent of a world in which human beings shall enjoy freedom of speech and belief and freedom from fear and want has been proclaimed as the highest aspiration of the common people, Whereas it is essential, if man is not to be compelled to have recourse, as a last resort, to rebellion against tyranny and oppression, that human rights should be protected by the rule of law, Whereas it is essential to promote the development of friendly relations between nations,"
68,"According to the text, what is recognized as the foundation of freedom, justice, and peace in the world?","['The inherent dignity and equal rights of all members of the human family', 'Economic prosperity', 'Military strength', 'Political power']",0,"Preamble Whereas recognition of the inherent dignity and of the equal and inalienable rights of all members of the human family is the foundation of freedom, justice and peace in the world, Whereas disregard and contempt for human rights have resulted in barbarous acts which have outraged the conscience of mankind, and the advent of a world in which human beings shall enjoy freedom of speech and belief and freedom from fear and want has been proclaimed as the highest aspiration of the common people, Whereas it is essential, if man is not to be compelled to have recourse, as a last resort, to rebellion against tyranny and oppression, that human rights should be protected by the rule of law, Whereas it is essential to promote the development of friendly relations between nations,"
69,What does the text state has resulted from disregard and contempt for human rights?,"['Diplomatic agreements', 'Barbarous acts that have outraged the conscience of mankind', 'Economic downturns', 'Technological advancements']",1,"Preamble Whereas recognition of the inherent dignity and of the equal and inalienable rights of all members of the human family is the foundation of freedom, justice and peace in the world, Whereas disregard and contempt for human rights have resulted in barbarous acts which have outraged the conscience of mankind, and the advent of a world in which human beings shall enjoy freedom of speech and belief and freedom from fear and want has been proclaimed as the highest aspiration of the common people, Whereas it is essential, if man is not to be compelled to have recourse, as a last resort, to rebellion against tyranny and oppression, that human rights should be protected by the rule of law, Whereas it is essential to promote the development of friendly relations between nations,"
70,"What have the peoples of the United Nations reaffirmed their faith in, according to the text?","['Economic growth', 'Fundamental human rights', 'Military power', 'Technological advancement']",1,"Whereas the peoples of the United Nations have in the Charter reaffirmed their faith in fundamental human rights, in the dignity and worth of the human person and in the equal rights of men and women and have determined to promote social progress and better standards of life in larger freedom, Whereas Member States have pledged themselves to achieve, in cooperation with the United Nations, the promotion of universal respect for and observance of human rights and fundamental freedoms, Whereas a common understanding of these rights and freedoms is of the greatest importance for the full realization of this pledge,"
71,What do the peoples of the United Nations recognize as part of human dignity?,"['Political influence', 'Wealth accumulation', 'Social status', 'The dignity and worth of the human person']",3,"Whereas the peoples of the United Nations have in the Charter reaffirmed their faith in fundamental human rights, in the dignity and worth of the human person and in the equal rights of men and women and have determined to promote social progress and better standards of life in larger freedom, Whereas Member States have pledged themselves to achieve, in cooperation with the United Nations, the promotion of universal respect for and observance of human rights and fundamental freedoms, Whereas a common understanding of these rights and freedoms is of the greatest importance for the full realization of this pledge,"
72,What have Member States pledged to promote in cooperation with the United Nations?,"['Universal respect for and observance of human rights and fundamental freedoms', 'Economic dominance', 'Military alliances', 'Cultural exchange programs']",0,"Whereas the peoples of the United Nations have in the Charter reaffirmed their faith in fundamental human rights, in the dignity and worth of the human person and in the equal rights of men and women and have determined to promote social progress and better standards of life in larger freedom, Whereas Member States have pledged themselves to achieve, in cooperation with the United Nations, the promotion of universal respect for and observance of human rights and fundamental freedoms, Whereas a common understanding of these rights and freedoms is of the greatest importance for the full realization of this pledge,"
73,"According to the text, what is essential for the full realization of the Member States' pledge?","['Increased military spending', 'Technological innovation', 'Global trade agreements', 'A common understanding of human rights and freedoms']",3,"Whereas the peoples of the United Nations have in the Charter reaffirmed their faith in fundamental human rights, in the dignity and worth of the human person and in the equal rights of men and women and have determined to promote social progress and better standards of life in larger freedom, Whereas Member States have pledged themselves to achieve, in cooperation with the United Nations, the promotion of universal respect for and observance of human rights and fundamental freedoms, Whereas a common understanding of these rights and freedoms is of the greatest importance for the full realization of this pledge,"
74,What is the ultimate goal mentioned in the text that the peoples of the United Nations aim to achieve through social progress?,"['Economic prosperity', 'Political stability', 'Better standards of life in larger freedom', 'Environmental sustainability']",2,"Whereas the peoples of the United Nations have in the Charter reaffirmed their faith in fundamental human rights, in the dignity and worth of the human person and in the equal rights of men and women and have determined to promote social progress and better standards of life in larger freedom, Whereas Member States have pledged themselves to achieve, in cooperation with the United Nations, the promotion of universal respect for and observance of human rights and fundamental freedoms, Whereas a common understanding of these rights and freedoms is of the greatest importance for the full realization of this pledge,"
75,What does the General Assembly proclaim according to the text?,"['A new constitution', 'An international trade agreement', 'A peace treaty', 'The Universal Declaration of Human Rights']",3,"Now, therefore, The General Assembly, Proclaims this Universal Declaration of Human Rights as a common standard of achievement for all peoples and all nations, to the end that every individual and every organ of society, keeping this Declaration constantly in mind, shall strive by teaching and education to promote respect for these rights and freedoms and by progressive measures, national and international, to secure their universal and effective recognition and observance, both among the peoples of Member States themselves and among the peoples of territories under their jurisdiction."
76,What is the Universal Declaration of Human Rights described as in the text?,"['A political agreement', 'A common standard of achievement', 'A temporary guideline', 'A legal contract']",1,"Now, therefore, The General Assembly, Proclaims this Universal Declaration of Human Rights as a common standard of achievement for all peoples and all nations, to the end that every individual and every organ of society, keeping this Declaration constantly in mind, shall strive by teaching and education to promote respect for these rights and freedoms and by progressive measures, national and international, to secure their universal and effective recognition and observance, both among the peoples of Member States themselves and among the peoples of territories under their jurisdiction."
77,"According to the text, what should every individual and organ of society strive to promote?","['Political stability', 'Respect for human rights and freedoms', 'Technological advancements', 'Economic growth']",1,"Now, therefore, The General Assembly, Proclaims this Universal Declaration of Human Rights as a common standard of achievement for all peoples and all nations, to the end that every individual and every organ of society, keeping this Declaration constantly in mind, shall strive by teaching and education to promote respect for these rights and freedoms and by progressive measures, national and international, to secure their universal and effective recognition and observance, both among the peoples of Member States themselves and among the peoples of territories under their jurisdiction."
78,What method does the text suggest for promoting respect for these rights and freedoms?,"['By economic sanctions', 'Through cultural exchanges', 'By teaching and education', 'Through military force']",2,"Now, therefore, The General Assembly, Proclaims this Universal Declaration of Human Rights as a common standard of achievement for all peoples and all nations, to the end that every individual and every organ of society, keeping this Declaration constantly in mind, shall strive by teaching and education to promote respect for these rights and freedoms and by progressive measures, national and international, to secure their universal and effective recognition and observance, both among the peoples of Member States themselves and among the peoples of territories under their jurisdiction."
79,What is the ultimate goal of the measures mentioned in the text?,"['To promote global trade', 'To secure universal and effective recognition and observance of human rights', 'To establish new governments', 'To create new international laws']",1,"Now, therefore, The General Assembly, Proclaims this Universal Declaration of Human Rights as a common standard of achievement for all peoples and all nations, to the end that every individual and every organ of society, keeping this Declaration constantly in mind, shall strive by teaching and education to promote respect for these rights and freedoms and by progressive measures, national and international, to secure their universal and effective recognition and observance, both among the peoples of Member States themselves and among the peoples of territories under their jurisdiction."
80,"What is considered the foundation of freedom, justice, and peace in the world according to the text?","['Economic development', 'Military strength', 'Recognition of human dignity and rights', 'Technological advancement']",2,"The States Parties to the present Convention, Considering that, in accordance with the principles proclaimed in the Charter of the United Nations, recognition of the inherent dignity and of the equal and inalienable rights of all members of the human family is the foundation of freedom, justice and peace in the world, Bearing in mind that the peoples of the United Nations have, in the Charter, reaffirmed their faith in fundamental human rights and in the dignity and worth of the human person, and have determined to promote social progress and better standards of life in larger freedom, Recognizing that the United Nations has, in the Universal Declaration of Human Rights and in the International Covenants on Human Rights, proclaimed and agreed that everyone is entitled to all the rights and freedoms set forth therein, without distinction of any kind, such as race, colour, sex, language, religion, political or other opinion, national or social origin, property, birth or other status,"
81,What have the peoples of the United Nations reaffirmed in the Charter?,"['The need for more technology', 'The superiority of certain cultures', 'The importance of national borders', 'Fundamental human rights and the dignity of the human person']",3,"The States Parties to the present Convention, Considering that, in accordance with the principles proclaimed in the Charter of the United Nations, recognition of the inherent dignity and of the equal and inalienable rights of all members of the human family is the foundation of freedom, justice and peace in the world, Bearing in mind that the peoples of the United Nations have, in the Charter, reaffirmed their faith in fundamental human rights and in the dignity and worth of the human person, and have determined to promote social progress and better standards of life in larger freedom, Recognizing that the United Nations has, in the Universal Declaration of Human Rights and in the International Covenants on Human Rights, proclaimed and agreed that everyone is entitled to all the rights and freedoms set forth therein, without distinction of any kind, such as race, colour, sex, language, religion, political or other opinion, national or social origin, property, birth or other status,"
82,"According to the text, what must be recognized for everyone, without distinction of any kind?","['Wealth and property', 'Access to education', 'Freedom of movement', 'All rights and freedoms']",3,"The States Parties to the present Convention, Considering that, in accordance with the principles proclaimed in the Charter of the United Nations, recognition of the inherent dignity and of the equal and inalienable rights of all members of the human family is the foundation of freedom, justice and peace in the world, Bearing in mind that the peoples of the United Nations have, in the Charter, reaffirmed their faith in fundamental human rights and in the dignity and worth of the human person, and have determined to promote social progress and better standards of life in larger freedom, Recognizing that the United Nations has, in the Universal Declaration of Human Rights and in the International Covenants on Human Rights, proclaimed and agreed that everyone is entitled to all the rights and freedoms set forth therein, without distinction of any kind, such as race, colour, sex, language, religion, political or other opinion, national or social origin, property, birth or other status,"
83,"According to the text, what is the role of the United Nations in relation to human rights?","['To limit the rights of certain groups', 'To promote economic policies only', 'To proclaim and agree on the rights and freedoms everyone should have', 'To declare wars on countries that violate rights']",2,"The States Parties to the present Convention, Considering that, in accordance with the principles proclaimed in the Charter of the United Nations, recognition of the inherent dignity and of the equal and inalienable rights of all members of the human family is the foundation of freedom, justice and peace in the world, Bearing in mind that the peoples of the United Nations have, in the Charter, reaffirmed their faith in fundamental human rights and in the dignity and worth of the human person, and have determined to promote social progress and better standards of life in larger freedom, Recognizing that the United Nations has, in the Universal Declaration of Human Rights and in the International Covenants on Human Rights, proclaimed and agreed that everyone is entitled to all the rights and freedoms set forth therein, without distinction of any kind, such as race, colour, sex, language, religion, political or other opinion, national or social origin, property, birth or other status,"
84,Which of the following is NOT mentioned as a basis for distinguishing people’s rights according to the text?,"['Religion', 'Race', 'Language', 'Physical appearance']",3,"The States Parties to the present Convention, Considering that, in accordance with the principles proclaimed in the Charter of the United Nations, recognition of the inherent dignity and of the equal and inalienable rights of all members of the human family is the foundation of freedom, justice and peace in the world, Bearing in mind that the peoples of the United Nations have, in the Charter, reaffirmed their faith in fundamental human rights and in the dignity and worth of the human person, and have determined to promote social progress and better standards of life in larger freedom, Recognizing that the United Nations has, in the Universal Declaration of Human Rights and in the International Covenants on Human Rights, proclaimed and agreed that everyone is entitled to all the rights and freedoms set forth therein, without distinction of any kind, such as race, colour, sex, language, religion, political or other opinion, national or social origin, property, birth or other status,"
85,"According to the text, what has the United Nations proclaimed about childhood?","['It should be focused only on education', 'It is less important than adulthood', 'It should be ignored', 'It is entitled to special care and assistance']",3,"Recalling that, in the Universal Declaration of Human Rights, the United Nations has proclaimed that childhood is entitled to special care and assistance, Convinced that the family, as the fundamental group of society and the natural environment for the growth and well-being of all its members and particularly children, should be afforded the necessary protection and assistance so that it can fully assume its responsibilities within the community, Recognizing that the child, for the full and harmonious development of his or her personality, should grow up in a family environment, in an atmosphere of happiness, love and understanding,"
86,What does the text identify as the fundamental group of society?,"['Schools', 'The government', 'The family', 'Peer groups']",2,"Recalling that, in the Universal Declaration of Human Rights, the United Nations has proclaimed that childhood is entitled to special care and assistance, Convinced that the family, as the fundamental group of society and the natural environment for the growth and well-being of all its members and particularly children, should be afforded the necessary protection and assistance so that it can fully assume its responsibilities within the community, Recognizing that the child, for the full and harmonious development of his or her personality, should grow up in a family environment, in an atmosphere of happiness, love and understanding,"
87,"For the well-being and growth of children, what should the family be provided with?","['More education', 'Financial wealth', 'Advanced technology', 'Protection and assistance']",3,"Recalling that, in the Universal Declaration of Human Rights, the United Nations has proclaimed that childhood is entitled to special care and assistance, Convinced that the family, as the fundamental group of society and the natural environment for the growth and well-being of all its members and particularly children, should be afforded the necessary protection and assistance so that it can fully assume its responsibilities within the community, Recognizing that the child, for the full and harmonious development of his or her personality, should grow up in a family environment, in an atmosphere of happiness, love and understanding,"
88,What environment is considered ideal for the development of a child's personality according to the text?,"['A family environment with happiness, love, and understanding', 'A competitive environment', 'A strict and disciplined environment', 'An academic environment']",0,"Recalling that, in the Universal Declaration of Human Rights, the United Nations has proclaimed that childhood is entitled to special care and assistance, Convinced that the family, as the fundamental group of society and the natural environment for the growth and well-being of all its members and particularly children, should be afforded the necessary protection and assistance so that it can fully assume its responsibilities within the community, Recognizing that the child, for the full and harmonious development of his or her personality, should grow up in a family environment, in an atmosphere of happiness, love and understanding,"
89,"What is the purpose of providing protection and assistance to families, as stated in the text?","['To promote individual success over community responsibilities', ""To increase the family's wealth"", 'To help the family fully assume its responsibilities within the community', 'To reduce the size of families']",2,"Recalling that, in the Universal Declaration of Human Rights, the United Nations has proclaimed that childhood is entitled to special care and assistance, Convinced that the family, as the fundamental group of society and the natural environment for the growth and well-being of all its members and particularly children, should be afforded the necessary protection and assistance so that it can fully assume its responsibilities within the community, Recognizing that the child, for the full and harmonious development of his or her personality, should grow up in a family environment, in an atmosphere of happiness, love and understanding,"
90,"According to the text, what should a child be fully prepared to do?","['Become a politician', 'Travel the world', 'Live an individual life in society', 'Work immediately']",2,"Considering that the child should be fully prepared to live an individual life in society, and brought up in the spirit of the ideals proclaimed in the Charter of the United Nations, and in particular in the spirit of peace, dignity, tolerance, freedom, equality and solidarity,"
91,"In what spirit should a child be brought up, according to the text?","['Strictness and discipline', 'Wealth and success', 'Peace, dignity, tolerance, freedom, equality, and solidarity', 'Competitiveness and ambition']",2,"Considering that the child should be fully prepared to live an individual life in society, and brought up in the spirit of the ideals proclaimed in the Charter of the United Nations, and in particular in the spirit of peace, dignity, tolerance, freedom, equality and solidarity,"
92,Which of the following is NOT mentioned as an ideal proclaimed in the Charter of the United Nations in the text?,"['Tolerance', 'Peace', 'Success', 'Dignity']",2,"Considering that the child should be fully prepared to live an individual life in society, and brought up in the spirit of the ideals proclaimed in the Charter of the United Nations, and in particular in the spirit of peace, dignity, tolerance, freedom, equality and solidarity,"
93,What does the text suggest is important for a child's upbringing?,"['Focusing on individual success', 'Emphasis on academic achievements only', 'Adherence to the ideals of the United Nations Charter', 'Learning multiple languages']",2,"Considering that the child should be fully prepared to live an individual life in society, and brought up in the spirit of the ideals proclaimed in the Charter of the United Nations, and in particular in the spirit of peace, dignity, tolerance, freedom, equality and solidarity,"
94,"The text highlights the importance of raising children in a spirit of solidarity. What does ""solidarity"" most likely mean in this context?","['Independence from others', 'Financial independence', 'Unity and mutual support', 'Strict adherence to rules']",2,"Considering that the child should be fully prepared to live an individual life in society, and brought up in the spirit of the ideals proclaimed in the Charter of the United Nations, and in particular in the spirit of peace, dignity, tolerance, freedom, equality and solidarity,"
95,"According to the text, which document first stated the need for special care for children?","['The Geneva Declaration of the Rights of the Child of 1924', 'The United Nations Charter', 'The International Covenant on Civil and Political Rights', 'The Universal Declaration of Human Rights']",0,"Bearing in mind that the need to extend particular care to the child has been stated in the Geneva Declaration of the Rights of the Child of 1924 and in the Declaration of the Rights of the Child adopted by the General Assembly on 20 November 1959 and recognized in the Universal Declaration of Human Rights, in the International Covenant on Civil and Political Rights (in particular in articles 23 and 24), in the International Covenant on Economic, Social and Cultural Rights (in particular in article 10) and in the statutes and relevant instruments of specialized agencies and international organizations concerned with the welfare of children, Bearing in mind that, as indicated in the Declaration of the Rights of the Child, “the child, by reason of his physical and mental immaturity, needs special safeguards and care, including appropriate legal protection, before as well as after birth”, Recalling the provisions of the Declaration on Social and Legal Principles relating to the Protection and Welfare of Children, with Special Reference to Foster Placement and Adoption Nationally and Internationally; the United Nations Standard Minimum Rules for the Administration of Juvenile Justice (The Beijing Rules) ; and the Declaration on the Protection of Women and Children in Emergency and Armed Conflict, Recognizing that, in all countries in the world, there are children living in exceptionally difficult conditions, and that such children need special consideration, Taking due account of the importance of the traditions and cultural values of each people for the protection and harmonious development of the child, Recognizing the importance of international co-operation for improving the living conditions of children in every country, in particular in the developing countries, Have agreed as follows:"
96,What does the text say is needed for a child due to their physical and mental immaturity?,"['Special safeguards and care, including legal protection', 'Freedom to make all decisions', 'The right to work at an early age', 'Immediate independence from parents']",0,"Bearing in mind that the need to extend particular care to the child has been stated in the Geneva Declaration of the Rights of the Child of 1924 and in the Declaration of the Rights of the Child adopted by the General Assembly on 20 November 1959 and recognized in the Universal Declaration of Human Rights, in the International Covenant on Civil and Political Rights (in particular in articles 23 and 24), in the International Covenant on Economic, Social and Cultural Rights (in particular in article 10) and in the statutes and relevant instruments of specialized agencies and international organizations concerned with the welfare of children, Bearing in mind that, as indicated in the Declaration of the Rights of the Child, “the child, by reason of his physical and mental immaturity, needs special safeguards and care, including appropriate legal protection, before as well as after birth”, Recalling the provisions of the Declaration on Social and Legal Principles relating to the Protection and Welfare of Children, with Special Reference to Foster Placement and Adoption Nationally and Internationally; the United Nations Standard Minimum Rules for the Administration of Juvenile Justice (The Beijing Rules) ; and the Declaration on the Protection of Women and Children in Emergency and Armed Conflict, Recognizing that, in all countries in the world, there are children living in exceptionally difficult conditions, and that such children need special consideration, Taking due account of the importance of the traditions and cultural values of each people for the protection and harmonious development of the child, Recognizing the importance of international co-operation for improving the living conditions of children in every country, in particular in the developing countries, Have agreed as follows:"
97,"What is one of the key reasons for providing special consideration to children, as mentioned in the text?","['Their living in exceptionally difficult conditions', 'Their role in technology development', 'Their advanced knowledge and skills', 'Their ability to contribute to the economy']",0,"Bearing in mind that the need to extend particular care to the child has been stated in the Geneva Declaration of the Rights of the Child of 1924 and in the Declaration of the Rights of the Child adopted by the General Assembly on 20 November 1959 and recognized in the Universal Declaration of Human Rights, in the International Covenant on Civil and Political Rights (in particular in articles 23 and 24), in the International Covenant on Economic, Social and Cultural Rights (in particular in article 10) and in the statutes and relevant instruments of specialized agencies and international organizations concerned with the welfare of children, Bearing in mind that, as indicated in the Declaration of the Rights of the Child, “the child, by reason of his physical and mental immaturity, needs special safeguards and care, including appropriate legal protection, before as well as after birth”, Recalling the provisions of the Declaration on Social and Legal Principles relating to the Protection and Welfare of Children, with Special Reference to Foster Placement and Adoption Nationally and Internationally; the United Nations Standard Minimum Rules for the Administration of Juvenile Justice (The Beijing Rules) ; and the Declaration on the Protection of Women and Children in Emergency and Armed Conflict, Recognizing that, in all countries in the world, there are children living in exceptionally difficult conditions, and that such children need special consideration, Taking due account of the importance of the traditions and cultural values of each people for the protection and harmonious development of the child, Recognizing the importance of international co-operation for improving the living conditions of children in every country, in particular in the developing countries, Have agreed as follows:"
98,The text highlights the importance of traditions and cultural values in what aspect of child welfare?,"['Promoting individual success over community well-being', 'Protection and harmonious development of the child', 'Limiting access to education', 'Restricting the child’s freedom']",1,"Bearing in mind that the need to extend particular care to the child has been stated in the Geneva Declaration of the Rights of the Child of 1924 and in the Declaration of the Rights of the Child adopted by the General Assembly on 20 November 1959 and recognized in the Universal Declaration of Human Rights, in the International Covenant on Civil and Political Rights (in particular in articles 23 and 24), in the International Covenant on Economic, Social and Cultural Rights (in particular in article 10) and in the statutes and relevant instruments of specialized agencies and international organizations concerned with the welfare of children, Bearing in mind that, as indicated in the Declaration of the Rights of the Child, “the child, by reason of his physical and mental immaturity, needs special safeguards and care, including appropriate legal protection, before as well as after birth”, Recalling the provisions of the Declaration on Social and Legal Principles relating to the Protection and Welfare of Children, with Special Reference to Foster Placement and Adoption Nationally and Internationally; the United Nations Standard Minimum Rules for the Administration of Juvenile Justice (The Beijing Rules) ; and the Declaration on the Protection of Women and Children in Emergency and Armed Conflict, Recognizing that, in all countries in the world, there are children living in exceptionally difficult conditions, and that such children need special consideration, Taking due account of the importance of the traditions and cultural values of each people for the protection and harmonious development of the child, Recognizing the importance of international co-operation for improving the living conditions of children in every country, in particular in the developing countries, Have agreed as follows:"
99,What is recognized as important for improving the living conditions of children worldwide?,"['Reducing the number of children', 'Technological advancement', 'Increasing military strength', 'International co-operation']",3,"Bearing in mind that the need to extend particular care to the child has been stated in the Geneva Declaration of the Rights of the Child of 1924 and in the Declaration of the Rights of the Child adopted by the General Assembly on 20 November 1959 and recognized in the Universal Declaration of Human Rights, in the International Covenant on Civil and Political Rights (in particular in articles 23 and 24), in the International Covenant on Economic, Social and Cultural Rights (in particular in article 10) and in the statutes and relevant instruments of specialized agencies and international organizations concerned with the welfare of children, Bearing in mind that, as indicated in the Declaration of the Rights of the Child, “the child, by reason of his physical and mental immaturity, needs special safeguards and care, including appropriate legal protection, before as well as after birth”, Recalling the provisions of the Declaration on Social and Legal Principles relating to the Protection and Welfare of Children, with Special Reference to Foster Placement and Adoption Nationally and Internationally; the United Nations Standard Minimum Rules for the Administration of Juvenile Justice (The Beijing Rules) ; and the Declaration on the Protection of Women and Children in Emergency and Armed Conflict, Recognizing that, in all countries in the world, there are children living in exceptionally difficult conditions, and that such children need special consideration, Taking due account of the importance of the traditions and cultural values of each people for the protection and harmonious development of the child, Recognizing the importance of international co-operation for improving the living conditions of children in every country, in particular in the developing countries, Have agreed as follows:"
